epoch,train_score.Kappa,train_score.F1,train_score.Specificity,train_score.Loss,train_score.Average,valid_score.Kappa,valid_score.F1,valid_score.Specificity,valid_score.Loss,valid_score.Average,best_threshold
1.0,0.1388295600170866,0.5454545454545454,0.6349206349206349,0.6686664245746754,0.43973491346408894,0.15966386554621848,0.4680851063829787,0.6829268292682927,0.6747063780203462,0.43689193373249663,
2.0,0.17787363613296128,0.4578313253012048,0.8380952380952381,0.6646633631101361,0.49126673317646813,0.1089588377723971,0.30303030303030304,0.8780487804878049,0.6649283217266202,0.43001264043016835,
3.0,0.11346444780635397,0.30732860520094557,0.9206349206349206,0.6554548653463522,0.44714265788074004,0.11889862327909888,0.26666666666666666,0.926829268292683,0.6442986549809575,0.43746485274614955,
4.0,0.07538042044155167,0.6932773109243698,0.08253968253968254,0.6655186043569336,0.283732471301868,0.03554868624420402,0.5411764705882353,0.04878048780487805,0.7326281489804387,0.20850188154577246,
5.0,0.34844436783590454,0.7075208913649026,0.5841269841269842,0.6153710825529731,0.5466974144425971,0.4222668004012036,0.6538461538461539,0.7073170731707317,0.6351548489183187,0.5944766758060297,
,,,,,,,,,,,0.5199999809265137
